deg,cs,E
29.999999999999996,55020.7595640923,126
30.120120120120124,53643.71793483325,126
30.240240240240244,52301.95322884672,126
30.360360360360364,50994.506943535416,126
30.48048048048048,49720.4489337484,126
30.6006006006006,48478.876487062684,126
30.72072072072072,47268.9134323222,126
30.84084084084084,46089.70928012182,126
30.96096096096096,44940.438393980745,126
31.08108108108108,43820.29919100318,126
31.201201201201197,42728.51337087476,126
31.321321321321324,41664.32517209378,126
31.441441441441444,40627.00065438172,126
31.561561561561565,39615.82700626178,126
31.68168168168168,38630.1118768382,126
31.8018018018018,37669.182730848996,126
31.92192192192192,36732.38622610195,126
32.04204204204204,35819.08761244368,126
32.16216216216216,34928.67015144388,126
32.28228228228228,34060.53455601327,126
32.4024024024024,33214.09844920346,126
32.52252252252253,32388.79584147032,126
32.64264264264264,31584.076625708803,126
32.76276276276276,30799.406089399017,126
32.88288288288288,30034.264443226384,126
33.003003003003,29288.14636556768,126
33.12312312312312,28560.560562256913,126
33.24324324324324,27851.02934106982,126
33.36336336336336,27159.088200388098,126
33.48348348348348,26484.285431525404,126
33.6036036036036,25826.181734218622,126
33.72372372372373,25184.34984480627,126
33.84384384384384,24558.3741766366,126
33.96396396396396,23947.850472264174,126
34.08408408408408,23352.38546701183,126
34.2042042042042,22771.596563492112,126
34.32432432432432,22205.11151669634,126
34.44444444444444,21652.568129276715,126
34.56456456456456,21113.61395665955,126
34.68468468468468,20587.90602164313,126
34.8048048048048,20075.110538145913,126
34.92492492492493,19574.902643784397,126
35.04504504504504,19086.966140971585,126
35.16516516516516,18610.99324623943,126
35.28528528528528,18146.684347499224,126
35.4054054054054,17693.747768964913,126
35.525525525525524,17251.899543475196,126
35.645645645645644,16820.863191959394,126
35.765765765765764,16400.36950980202,126
35.885885885885884,15990.156359870514,126
36.006006006006004,15589.968471978316,126
36.126126126126124,15199.55724856522,126
36.246246246246244,14818.680576383797,126
36.366366366366364,14447.10264398945,126
36.486486486486484,14084.593764838433,126
36.606606606606604,13730.930205805513,126
36.726726726726724,13385.894020940164,126
36.846846846846844,13049.27289028621,126
36.966966966966964,12720.859963596637,126
37.087087087087085,12400.453708781246,126
37.207207207207205,12087.85776493038,126
37.327327327327325,11782.880799764465,126
37.447447447447445,11485.336371362973,126
37.567567567567565,11195.042794033743,126
37.687687687687685,10911.823008186042,126
37.807807807807805,10635.504454078258,126
37.927927927927925,10365.918949313274,126
38.048048048048045,10102.902569961003,126
38.168168168168165,9846.295535190102,126
38.288288288288285,9595.942095296847,126
38.408408408408405,9351.69042302127,126
38.528528528528525,9113.392508045703,126
38.648648648648646,8880.904054574195,126
38.768768768768766,8654.084381894536,126
38.888888888888886,8432.796327828337,126
39.009009009009006,8216.906154977829,126
39.129129129129126,8006.283459680978,126
39.249249249249246,7800.80108358974,126
39.369369369369366,7600.33502778924,126
39.489489489489486,7404.764369378164,126
39.609609609609606,7213.9711804337585,126
39.729729729729726,7027.8404492870895,126
39.849849849849846,6846.260004036958,126
39.969969969969966,6669.120438233082,126
40.09009009009009,6496.315038661823,126
40.21021021021021,6327.739715169362,126
40.33033033033033,6163.292932460243,126
40.45045045045045,6002.875643810427,126
40.57057057057057,5846.391226636673,126
40.69069069069069,5693.745419865612,126
40.81081081081081,5544.846263047839,126
40.93093093093093,5399.604037164336,126
41.05105105105105,5257.931207073918,126
41.17117117117117,5119.742365552433,126
41.29129129129129,4984.954178875858,126
41.41141141141141,4853.485333900887,126
41.53153153153153,4725.256486598563,126
41.65165165165165,4600.1902119973465,126
41.77177177177177,4478.210955493957,126
41.89189189189189,4359.244985491195,126
42.01201201201201,4243.220347323812,126
42.13213213213213,4130.066818434087,126
42.252252252252255,4019.715864760668,126
42.37237237237237,3912.100598304866,126
42.49249249249249,3807.1557358399964,126
42.61261261261261,3704.8175587304418,126
42.73273273273273,3605.023873828046,126
42.852852852852855,3507.7139754146237,126
42.972972972972975,3412.828608160244,126
43.093093093093096,3320.30993106786,126
43.213213213213216,3230.101482375992,126
43.33333333333334,3142.1481453918236,126
43.453453453453456,3056.396115227995,126
43.573573573573576,2972.7928664173446,126
43.693693693693696,2891.287121380402,126
43.813813813813816,2811.828819721488,126
43.933933933933936,2734.3690883297572,126
44.054054054054056,2658.860212262512,126
44.174174174174176,2585.2556063885336,126
44.294294294294296,2513.509787770121,126
44.414414414414416,2443.5783487629537,126
44.534534534534544,2375.4179308137723,126
44.65465465465466,2308.9861989361702,126
44.77477477477478,2244.2418168456943,126
44.8948948948949,2181.1444227358224,126
45.01501501501502,2119.6546056770253,126
45.13513513513514,2059.73388262165,126
45.25525525525526,2001.3446759977635,126
45.37537537537538,1944.4502918758972,126
45.4954954954955,1889.0148986927006,126
45.61561561561562,1835.0035065163488,126
45.735735735735744,1782.3819468388124,126
45.85585585585586,1731.1168528805686,126
45.97597597597598,1681.175640393783,126
46.0960960960961,1632.5264889504053,126
46.21621621621622,1585.138323701994,126
46.33633633633634,1538.9807975984795,126
46.45645645645646,1494.0242740535057,126
46.57657657657658,1450.2398100442283,126
46.6966966966967,1407.5991396339373,126
46.81681681681682,1366.0746579061513,126
46.936936936936945,1325.6394052990672,126
47.05705705705706,1286.2670523298234,126
47.17717717717718,1247.9318846979954,126
47.2972972972973,1210.6087887583926,126
47.41741741741742,1174.273237353207,126
47.53753753753754,1138.9012759941222,126
47.65765765765766,1104.4695093850053,126
47.77777777777778,1070.9550882762921,126
47.8978978978979,1038.3356966422693,126
48.01801801801802,1006.589539172804,126
48.138138138138146,975.6953290712535,126
48.25825825825826,945.6322761505759,126
48.37837837837838,916.3800752198133,126
48.4984984984985,887.9188947534165,126
48.61861861861862,860.2293658360502,126
48.73873873873874,833.2925713757321,126
48.85885885885886,807.0900355783351,126
48.97897897897898,781.6037136767462,126
49.0990990990991,756.815981908076,126
49.21921921921922,732.7096277325527,126
49.33933933933935,709.2678402879038,126
49.45945945945946,686.4742010731622,126
49.57957957957958,664.3126748560633,126
49.6996996996997,642.7676007983084,126
49.81981981981982,621.8236837931365,126
49.93993993993994,601.4659860098446,126
50.06006006006006,581.6799186399496,126
50.18018018018018,562.4512338399429,126
50.3003003003003,543.7660168656315,126
50.42042042042042,525.6106783932504,126
50.54054054054055,507.97194702264096,126
50.66066066066066,490.83686195793,126
50.78078078078078,474.19276586123715,126
50.9009009009009,458.02729787509867,126
51.02102102102102,442.32838680940176,126
51.14114114114114,427.08424448869664,126
51.26126126126126,412.28335925592893,126
51.38138138138138,397.9144896286804,126
51.5015015015015,383.96665810416175,126
51.62162162162162,370.42914510926244,126
51.74174174174175,357.29148309206295,126
51.86186186186186,344.5434507513635,126
51.98198198198198,332.1750674007749,126
52.1021021021021,320.1765874641233,126
52.22222222222222,308.53849509890506,126
52.34234234234234,297.2514989446929,126
52.46246246246246,286.3065269934014,126
52.58258258258258,275.6947215784832,126
52.7027027027027,265.40743448013086,126
52.82282282282282,255.43622214367318,126
52.94294294294294,245.77284100842144,126
53.06306306306306,236.4092429442955,126
53.18318318318318,227.3375707936153,126
53.3033033033033,218.55015401551896,126
53.42342342342342,210.0395044305542,126
53.54354354354354,201.7983120630027,126
53.66366366366366,193.8194410786187,126
53.78378378378378,186.0959258154779,126
53.9039039039039,178.62096690571983,126
54.02402402402402,171.38792748599994,126
54.14414414414414,164.3903294945433,126
54.26426426426427,157.6218500527436,126
54.38438438438438,151.07631792928117,126
54.5045045045045,144.7477100848135,126
54.62462462462462,138.63014829532773,126
54.74474474474474,132.7178958522908,126
54.86486486486486,127.00535433778522,126
54.98498498498498,121.48706047285675,126
55.1051051051051,116.15768303736061,126
55.22522522522522,111.01201985961062,126
55.34534534534534,106.04499487420942,126
55.46546546546547,101.25165524644524,126
55.585585585585584,96.62716856170482,126
55.70570570570571,92.16682007838658,126
55.82582582582583,87.86601004282409,126
55.94594594594595,83.7202510647795,126
56.06606606606607,79.72516555209799,126
56.18618618618619,75.8764832031454,126
56.30630630630631,72.17003855569165,126
56.42642642642643,68.60176859093124,126
56.54654654654656,65.1677103913616,126
56.66666666666667,61.86399885128316,126
56.78678678678679,58.686864438696986,126
56.90690690690691,55.63263100742413,126
57.02702702702703,52.69771365828643,126
57.14714714714715,49.87861664822302,126
57.26726726726727,47.171931346241976,126
57.38738738738739,44.57433423513515,126
57.50750750750751,42.08258495790631,126
57.62762762762763,39.69352440789369,126
57.74774774774775,37.404072861586016,126
57.86786786786787,35.21122815316155,126
57.987987987987985,33.112063889800105,126
58.108108108108105,31.103727706835908,126
58.228228228228225,29.18343956185492,126
58.34834834834836,27.34849006684356,126
58.46846846846848,25.59623885753643,126
58.5885885885886,23.924112999109784,126
58.70870870870872,22.329605427411288,126
58.82882882882884,20.8102734249135,126
58.94894894894896,19.36373713061487,126
59.06906906906907,17.987678083118514,126
59.18918918918919,16.6798377961465,126
59.30930930930931,15.438016365756026,126
59.42942942942943,14.26007110855077,126
59.54954954954955,13.14391523018693,126
59.66966966966967,12.087516523499337,126
59.78978978978979,11.088896095582662,126
59.90990990990991,10.146127123180314,126
60.030030030030034,9.25733363574965,126
60.150150150150154,8.420689325585057,126
60.270270270270274,7.63441638439606,126
60.39039039039039,6.896784365751249,126
60.51051051051051,6.206109072813004,126
60.63063063063063,5.560751470799644,126
60.75075075075076,4.959116623626973,126
60.87087087087088,4.399652654192929,126
60.990990990991,3.880849727779783,126
61.11111111111112,3.401239058062988,126
61.23123123123124,2.959391935226707,126
61.35135135135136,2.5539187756964985,126
61.471471471471475,2.1834681930113335,126
61.591591591591595,1.8467260893697581,126
61.711711711711715,1.5424147673922175,126
61.831831831831835,1.2692920616562062,126
61.951951951951955,1.02615048956665,126
62.072072072072075,0.8118164211378676,126
62.192192192192195,0.6251492672697875,126
62.312312312312315,0.46504068611337285,126
62.432432432432435,0.3304138071269419,126
62.552552552552555,0.22022247243583543,126
62.672672672672675,0.1334504951159595,126
62.79279279279279,0.06911093402993884,126
62.91291291291291,0.026245384853955035,126
63.03303303303303,0.003923286940434927,126
63.15315315315316,0.0012412456705021147,126
63.27327327327328,0.017322369957454963,126
63.3933933933934,0.05131562457028961,126
63.51351351351352,0.1023951969536532,126
63.63363363363364,0.16975987822786637,126
63.75375375375376,0.25263245805972856,126
63.873873873873876,0.3502591331015787,126
63.993993993993996,0.4619089287030937,126
64.11411411411412,0.5868731336066285,126
64.23423423423424,0.7244647473434198,126
64.35435435435436,0.8740179400542752,126
64.47447447447448,1.0348875244644953,126
64.5945945945946,1.206448439748543,126
64.71471471471472,1.3880952470264059,126
64.83483483483484,1.579241636238248,126
64.95495495495496,1.7793199441510061,126
65.07507507507508,1.9877806832544256,126
65.1951951951952,2.2040920813107427,126
65.31531531531532,2.4277396313259776,126
65.43543543543544,2.6582256517180425,126
65.55555555555557,2.895068856458867,126
65.67567567567568,3.137803934975382,126
65.7957957957958,3.3859811415975267,126
65.91591591591592,3.6391658943457537,126
66.03603603603604,3.896938382856293,126
66.15615615615616,4.158893185245491,126
66.27627627627628,4.42463889372012,126
66.3963963963964,4.693797748743886,126
66.51651651651652,4.966005281573931,126
66.63663663663664,5.240909964988001,126
66.75675675675676,5.518172872022308,126
66.87687687687688,5.797467342548646,126
66.996996996997,6.078478657519455,126
67.11711711711712,6.360903720716009,126
67.23723723723724,6.644450747835448,126
67.35735735735736,6.928838962759697,126
67.47747747747748,7.213798300848706,126
67.5975975975976,7.499069119107245,126
67.71771771771772,7.7844019130751105,126
67.83783783783784,8.069557040296136,126
67.95795795795797,8.354304450222294,126
68.07807807807808,8.63842342041356,126
68.1981981981982,8.921702298898246,126
68.31831831831832,9.20393825255775,126
68.43843843843844,9.48493702140739,126
68.55855855855856,9.764512678643404,126
68.67867867867868,10.042487396332401,126
68.7987987987988,10.31869121661969,126
68.91891891891892,10.592961828336911,126
69.03903903903904,10.86514434889155,126
69.15915915915916,11.135091111323565,126
69.27927927927928,11.402661456416645,126
69.3993993993994,11.667721529753933,126
69.51951951951952,11.930144083610738,126
69.63963963963964,12.189808283578756,126
69.75975975975976,12.446599519818555,126
69.87987987987988,12.700409222839786,126
70.0,12.951134683709595,126
70.12012012012012,13.198678878593277,126
70.24024024024024,13.442950297531922,126
70.36036036036036,13.683862777365059,126
70.48048048048048,13.921335338706797,126
70.6006006006006,14.155292026887205,126
70.72072072072072,14.38566175677247,126
70.84084084084084,14.612378161377716,126
70.96096096096096,14.835379444190087,126
71.08108108108108,15.054608235120496,126
71.2012012012012,15.270011450004008,126
71.32132132132132,15.481540153571075,126
71.44144144144144,15.689149425812879,126
71.56156156156156,15.892798231666681,126
71.68168168168168,16.092449293946824,126
71.8018018018018,16.288068969450933,126
71.92192192192192,16.479627128170275,126
72.04204204204204,16.667097035536134,126
72.16216216216216,16.850455237634453,126
72.28228228228228,17.02968144932365,126
72.4024024024024,17.204758445190368,126
72.52252252252252,17.375671953280786,126
72.64264264264264,17.542410551545444,126
72.76276276276276,17.704965566937013,126
72.8828828828829,17.863330977102287,126
73.003003003003,18.01750331460993,126
73.12312312312312,18.167481573657955,126
73.24324324324324,18.313267119204617,126
73.36336336336336,18.454863598469377,126
73.48348348348348,18.592276854749798,126
73.6036036036036,18.72551484350295,126
73.72372372372372,18.85458755064019,126
73.84384384384384,18.979506912985343,126
73.96396396396396,19.100286740847558,126
74.08408408408408,19.216942642660943,126
74.2042042042042,19.329491951644265,126
74.32432432432432,19.437953654434892,126
74.44444444444444,19.542348321652128,126
74.56456456456456,19.642698040345902,126
74.68468468468468,19.73902634828815,126
74.8048048048048,19.83135817006454,126
74.92492492492492,19.919719754925474,126
75.04504504504504,20.004138616356073,126
75.16516516516516,20.084643473325713,126
75.2852852852853,20.161264193178337,126
75.4054054054054,20.23403173612596,126
75.52552552552552,20.302978101308216,126
75.64564564564564,20.36813627438177,126
75.76576576576576,20.42954017660403,126
75.88588588588588,20.4872246153768,126
76.006006006006,20.541225236215304,126
76.12612612612612,20.591578476110012,126
76.24624624624624,20.63832151824815,126
76.36636636636636,20.681492248063478,126
76.48648648648648,20.721129210582745,126
76.6066066066066,20.75727156903869,126
76.72672672672672,20.789959064719483,126
76.84684684684684,20.81923197802541,126
76.96696696696696,20.84513109070428,126
77.08708708708708,20.867697649237353,126
77.2072072072072,20.886973329348727,126
77.32732732732732,20.90300020161094,126
77.44744744744744,20.915820698120914,126
77.56756756756756,20.92547758022022,126
77.6876876876877,20.932013907234904,126
77.8078078078078,20.93547300620976,126
77.92792792792793,20.93589844261369,126
78.04804804804805,20.933333991991685,126
78.16816816816817,20.92782361254128,126
78.28828828828829,20.91941141859024,126
78.4084084084084,20.908141654953784,126
78.52852852852853,20.894058672149598,126
78.64864864864865,20.87720690244955,126
78.76876876876877,20.857630836747344,126
78.88888888888889,20.83537500222204,126
79.009009009009,20.81048394077749,126
79.12912912912913,20.78300218823842,126
79.24924924924925,20.752974254284023,126
79.36936936936937,20.720444603100997,126
79.48948948948949,20.68545763473716,126
79.6096096096096,20.64805766713859,126
79.72972972972973,20.608288918852583,126
79.84984984984985,20.566195492379446,126
79.96996996996997,20.52182135815671,126
80.0900900900901,20.47521033915925,126
80.2102102102102,20.426406096099754,126
80.33033033033033,20.375452113213594,126
80.45045045045045,20.32239168461336,126
80.57057057057057,20.267267901197776,126
80.69069069069069,20.21012363810067,126
80.8108108108108,20.15100154266591,126
80.93093093093093,20.08994402293391,126
81.05105105105105,20.026993236626772,126
81.17117117117117,19.962191080618208,126
81.29129129129129,19.895579180875654,126
81.41141141141142,19.827198882861396,126
81.53153153153153,19.757091242380888,126
81.65165165165166,19.685297016865533,126
81.77177177177177,19.61185665707845,126
81.8918918918919,19.536810299231295,126
82.01201201201201,19.460197757501216,126
82.13213213213214,19.382058516936198,126
82.25225225225225,19.302431726738725,126
82.37237237237238,19.221356193916392,126
82.49249249249249,19.138870377289837,126
82.61261261261262,19.055012381847067,126
82.73273273273273,18.969819953435202,126
82.85285285285286,18.883330473778916,126
82.97297297297297,18.79558095581722,126
83.0930930930931,18.70660803934842,126
83.21321321321321,18.61644798697478,126
83.33333333333334,18.525136680337837,126
83.45345345345345,18.432709616635947,126
83.57357357357358,18.339201905415244,126
83.69369369369369,18.244648265626484,126
83.81381381381382,18.14908302293891,126
83.93393393393393,18.05254010730394,126
84.05405405405406,17.955053050760732,126
84.17417417417417,17.85665498547632,126
84.2942942942943,17.75737864201254,126
84.41441441441441,17.657256347813558,126
84.53453453453454,17.556320025905762,126
84.65465465465465,17.454601193804503,126
84.7747747747748,17.352130962619984,126
84.89489489489489,17.24894003635666,126
85.01501501501502,17.145058711399,126
85.13513513513513,17.040516876178412,126
85.25525525525526,16.935344011014127,126
85.37537537537537,16.829569188123457,126
85.4954954954955,16.723221071794377,126
85.61561561561561,16.616327918716063,126
85.73573573573574,16.50891757846085,126
85.85585585585585,16.40101749411312,126
85.97597597597598,16.29265470303929,126
86.09609609609609,16.18385583779433,126
86.21621621621622,16.074647127159356,126
86.33633633633633,15.96505439730616,126
86.45645645645646,15.855103073083004,126
86.57657657657657,15.744818179418234,126
86.6966966966967,15.634224342836033,126
86.81681681681681,15.523345793081214,126
86.93693693693695,15.412206364847572,126
87.05705705705705,15.300829499606767,126
87.1771771771772,15.18923824753249,126
87.29729729729729,15.077455269517483,126
87.41741741741743,14.965502839278004,126
87.53753753753753,14.853402845543316,126
87.65765765765767,14.741176794325535,126
87.77777777777777,14.628845811267132,126
87.8978978978979,14.516430644061948,126
88.01801801801801,14.403951664946883,126
88.13813813813815,14.2914288732607,126
88.25825825825825,14.17888189806684,126
88.37837837837839,14.066330000837112,126
88.49849849849849,13.953792078193258,126
88.61861861861863,13.841286664703564,126
88.73873873873873,13.728831935731497,126
88.85885885885887,13.616445710333542,126
88.97897897897897,13.50414545420391,126
89.0990990990991,13.39194828266297,126
89.21921921921921,13.27987096368729,126
89.33933933933935,13.167929920978356,126
89.45945945945945,13.056141237068276,126
89.5795795795796,12.944520656459078,126
89.69969969969969,12.833083588794468,126
89.81981981981983,12.721845112060654,126
89.93993993993993,12.610819975815373,126
90.06006006006007,12.500022604441753,126
90.18018018018017,12.389467100425968,126
90.30030030030031,12.279167247656043,126
90.42042042042041,12.16913651474046,126
90.54054054054055,12.059388058344187,126
90.66066066066065,11.949934726540661,126
90.78078078078079,11.840789062177882,126
90.9009009009009,11.731963306257041,126
91.02102102102103,11.623469401321573,126
91.14114114114113,11.515318994855921,126
91.26126126126127,11.407523442691407,126
91.38138138138137,11.300093812418751,126
91.50150150150151,11.193040886804836,126
91.62162162162161,11.086375167213147,126
91.74174174174175,10.980106877025955,126
91.86186186186185,10.874245965067278,126
91.981981981982,10.768802109024946,126
92.1021021021021,10.663784718871305,126
92.22222222222223,10.559202940280164,126
92.34234234234235,10.455065658040455,126
92.46246246246247,10.351381499463677,126
92.58258258258257,10.24815883778565,126
92.70270270270271,10.145405795560627,126
92.82282282282281,10.043130248046905,126
92.94294294294295,9.941339826583356,126
93.06306306306305,9.84004192195552,126
93.18318318318319,9.739243687750479,126
93.3033033033033,9.638952043699899,126
93.42342342342343,9.539173679010023,126
93.54354354354354,9.439915055678213,126
93.66366366366367,9.341182411794938,126
93.78378378378378,9.242981764830706,126
93.90390390390391,9.145318914907064,126
94.02402402402403,9.048199448051243,126
94.14414414414415,8.951628739433414,126
94.26426426426427,8.855611956586298,126
94.3843843843844,8.760154062606432,126
94.50450450450451,8.66525981933625,126
94.62462462462463,8.570933790526947,126
94.74474474474475,8.47718034498103,126
94.86486486486487,8.38400365967464,126
94.98498498498499,8.29140772285862,126
95.10510510510511,8.199396337138317,126
95.22522522522523,8.10797312253134,126
95.34534534534535,8.017141519503287,126
95.46546546546547,7.926904791980416,126
95.58558558558559,7.837266030339705,126
95.70570570570571,7.748228154375185,126
95.82582582582583,7.659793916240741,126
95.94594594594595,7.571965903368783,126
96.06606606606607,7.484746541364738,126
96.18618618618619,7.398138096876739,126
96.30630630630631,7.312142680440663,126
96.42642642642643,7.226762249300007,126
96.54654654654655,7.141998610200397,126
96.66666666666667,7.057853422158666,126
96.7867867867868,6.9743281992060995,126
96.90690690690693,6.891424313106047,126
97.02702702702703,6.8091429960450816,126
97.14714714714715,6.727485343298329,126
97.26726726726727,6.646452315868249,126
97.38738738738739,6.566044743097008,126
97.50750750750751,6.486263325252294,126
97.62762762762763,6.407108636086468,126
97.74774774774775,6.3285811253689275,126
97.86786786786787,6.250681121391725,126
97.98798798798799,6.173408833448146,126
98.10810810810811,6.0967643542845344,126
98.22822822822823,6.020747662525109,126
98.34834834834835,5.945358625069554,126
98.46846846846847,5.870596999463907,126
98.58858858858859,5.796462436244247,126
98.70870870870871,5.7229544812533195,126
98.82882882882883,5.650072577930227,126
98.94894894894895,5.5778160695730605,126
99.06906906906907,5.506184201574555,126
99.18918918918921,5.435176123630868,126
99.30930930930933,5.364790891923364,126
99.42942942942943,5.295027471273618,126
99.54954954954955,5.225884737271545,126
99.66966966966967,5.157361478376963,126
99.7897897897898,5.089456397994304,126
99.90990990990991,5.022168116520935,126
100.03003003003003,4.955495173368862,126
100.15015015015015,4.889436028960085,126
100.27027027027027,4.823989066695678,126
100.3903903903904,4.759152594898646,126
100.51051051051051,4.694924848730731,126
100.63063063063063,4.631303992083163,126
100.75075075075075,4.568288119441724,126
100.87087087087087,4.505875257725879,126
100.990990990991,4.444063368102528,126
101.11111111111111,4.382850347774133,126
101.23123123123123,4.322234031741587,126
101.35135135135135,4.26221219454196,126
101.47147147147147,4.202782551961109,126
101.5915915915916,4.143942762721453,126
101.71171171171173,4.085690430145091,126
101.83183183183183,4.028023103792204,126
101.95195195195195,3.9709382810752367,126
102.07207207207207,3.9144334088486503,126
102.1921921921922,3.858505884974735,126
102.31231231231232,3.8031530598654943,126
102.43243243243244,3.74837223800076,126
102.55255255255256,3.6941606794227426,126
102.67267267267268,3.6405156012073023,126
102.7927927927928,3.58743417891192,126
102.91291291291292,3.534913548000713,126
103.03303303303304,3.482950805246626,126
103.15315315315316,3.4315430101109268,126
103.27327327327328,3.3806871861003223,126
103.3933933933934,3.330380322101755,126
103.51351351351352,3.280619373695244,126
103.63363363363364,3.2314012644446137,126
103.75375375375376,3.1827228871668485,126
103.87387387387388,3.1345811051797203,126
103.993993993994,3.0869727535282196,126
104.11411411411413,3.0398946401899707,126
104.23423423423424,2.993343547259624,126
104.35435435435436,2.9473162321126334,126
104.47447447447448,2.901809428548518,126
104.5945945945946,2.856819847913942,126
104.71471471471472,2.8123441802055122,126
104.83483483483484,2.7683790951528997,126
104.95495495495496,2.724921243282124,126
105.07507507507508,2.681967256959528,126
105.1951951951952,2.6395137514162803,126
105.31531531531532,2.597557325754035,126
105.43543543543544,2.5560945639315156,126
105.55555555555556,2.515122035732632,126
105.67567567567568,2.4746362977160308,126
105.7957957957958,2.4346338941464056,126
105.91591591591592,2.3951113579078394,126
106.03603603603604,2.3560652113992386,126
106.15615615615616,2.3174919674121206,126
106.27627627627628,2.27938812999103,126
106.3963963963964,2.2417501952766976,126
106.51651651651653,2.2045746523321936,126
106.63663663663665,2.167857983952185,126
106.75675675675676,2.1315966674556495,126
106.87687687687688,2.095787175462194,126
106.996996996997,2.060425976652027,126
107.11711711711712,2.025509536509999,126
107.23723723723724,1.9910343180538885,126
107.35735735735736,1.9569967825469021,126
107.47747747747748,1.9233933901948639,126
107.5975975975976,1.8902206008281737,126
107.71771771771772,1.8574748745686869,126
107.83783783783784,1.825152672481794,126
107.95795795795796,1.7932504572138293,126
108.07807807807808,1.7617646936150755,126
108.1981981981982,1.7306918493484638,126
108.31831831831832,1.700028395484216,126
108.43843843843844,1.6697708070806556,126
108.55855855855856,1.6399155637513017,126
108.67867867867868,1.6104591502184225,126
108.7987987987988,1.5813980568533434,126
108.91891891891893,1.5527287802036172,126
109.03903903903905,1.5244478235072239,126
109.15915915915916,1.496551697194028,126
109.27927927927928,1.469036919374655,126
109.3993993993994,1.441900016316998,126
109.51951951951952,1.4151375229104608,126
109.63963963963964,1.3887459831182147,126
109.75975975975976,1.3627219504175228,126
109.87987987987988,1.337061988228512,126
110.0,1.3117626703312437,126
110.12012012012012,1.2868205812716178,126
110.24024024024024,1.26223231675603,126
110.36036036036036,1.237994484035028,126
110.48048048048048,1.2141037022761396,126
110.6006006006006,1.1905566029261112,126
110.72072072072072,1.1673498300625524,126
110.84084084084084,1.1444800407352933,126
110.96096096096096,1.1219439052975888,126
111.08108108108108,1.0997381077272972,126
111.2012012012012,1.0778593459382282,126
111.32132132132134,1.0563043320817662,126
111.44144144144146,1.035069792839023,126
111.56156156156156,1.0141524697035746,126
111.68168168168168,0.9935491192549707,126
111.8018018018018,0.9732565134232154,126
111.92192192192192,0.9532714397443199,126
112.04204204204204,0.9335907016070386,126
112.16216216216216,0.9142111184910687,126
112.28228228228228,0.8951295261967358,126
112.4024024024024,0.8763427770663275,126
112.52252252252252,0.8578477401973088,126
112.64264264264264,0.8396413016474589,126
112.76276276276276,0.8217203646320826,126
112.88288288288288,0.804081849713545,126
113.003003003003,0.7867226949830834,126
113.12312312312312,0.7696398562352252,126
113.24324324324324,0.7528303071347908,126
113.36336336336336,0.7362910393767164,126
113.48348348348348,0.7200190628387665,126
113.6036036036036,0.7040114057273168,126
113.72372372372374,0.688265114716285,126
113.84384384384386,0.6727772550794002,126
113.96396396396396,0.6575449108158449,126
114.08408408408408,0.6425651847694969,126
114.2042042042042,0.6278351987418427,126
114.32432432432432,0.6133520935986367,126
114.44444444444444,0.5991130293705589,126
114.56456456456456,0.5851151853478253,126
114.68468468468468,0.5713557601690152,126
114.8048048048048,0.5578319719041186,126
114.92492492492492,0.5445410581320104,126
115.04504504504504,0.5314802760123879,126
115.16516516516516,0.5186469023523037,126
115.28528528528528,0.5060382336674604,126
115.4054054054054,0.493651586238305,126
115.52552552552552,0.48148429616104804,126
115.64564564564564,0.46953371939373073,126
115.76576576576576,0.45779723179743215,126
115.88588588588588,0.44627222917272696,126
116.006006006006,0.43495612729150834,126
116.12612612612612,0.4238463619242015,126
116.24624624624624,0.4129403888625888,126
116.36636636636636,0.40223568393824066,126
116.48648648648648,0.39172974303671615,126
116.6066066066066,0.3814200821075621,126
116.72672672672671,0.3713042371702704,126
116.84684684684683,0.3613797643162606,126
116.96696696696695,0.351644239706948,126
117.08708708708707,0.3420952595680496,126
117.20720720720719,0.3327304401801455,126
117.32732732732731,0.32354741786565155,126
117.44744744744746,0.31454384897223425,126
117.56756756756758,0.30571740985279566,126
117.6876876876877,0.2970657968420618,126
117.80780780780782,0.2885867262299127,126
117.92792792792794,0.2802779342315022,126
118.04804804804806,0.2721371769542485,126
118.16816816816818,0.26416223036177905,126
118.2882882882883,0.2563508902349188,126
118.40840840840842,0.24870097212976952,126
118.52852852852854,0.24121031133299284,126
118.64864864864866,0.23387676281432868,126
118.76876876876878,0.2266982011764686,126
118.88888888888889,0.21967252060230985,126
119.009009009009,0.2127976347996957,126
119.12912912912913,0.2060714769436855,126
119.24924924924925,0.19949199961645178,126
119.36936936936937,0.19305717474484008,126
119.48948948948949,0.18676499353567882,126
119.6096096096096,0.18061346640890028,126
119.72972972972973,0.17460062292852602,126
119.84984984984985,0.168724511731597,126
119.96996996996997,0.16298320045510561,126
120.09009009009009,0.1573747756609648,126
120.2102102102102,0.15189734275911482,126
120.33033033033033,0.14654902592881122,126
120.45045045045045,0.14132796803812994,126
120.57057057057057,0.1362323305617748,126
120.69069069069069,0.13126029349723975,126
120.8108108108108,0.12641005527935634,126
120.93093093093093,0.12167983269331892,126
121.05105105105105,0.11706786078620242,126
121.17117117117117,0.11257239277705614,126
121.29129129129129,0.10819169996559848,126
121.41141141141141,0.10392407163958595,126
121.53153153153153,0.099767814980891,126
121.65165165165163,0.09572125497033747,126
121.77177177177175,0.09178273429135432,126
121.89189189189187,0.08795061323247713,126
122.012012012012,0.08422326958875397,126
122.13213213213211,0.08059909856210136,126
122.25225225225226,0.07707651266064632,126
122.37237237237238,0.07365394159711013,126
122.4924924924925,0.07032983218625284,126
122.61261261261262,0.06710264824146134,126
122.73273273273274,0.06397087047047433,126
122.85285285285286,0.06093299637031531,126
122.97297297297298,0.05798754012147622,126
123.0930930930931,0.05513303248135416,126
123.21321321321322,0.052368020677030315,126
123.33333333333334,0.04969106829737535,126
123.45345345345346,0.04710075518457251,126
123.57357357357358,0.04459567732503826,126
123.69369369369369,0.04217444673981794,126
123.81381381381381,0.039835691374476276,126
123.93393393393393,0.037578054988501496,126
124.05405405405405,0.035400197044284466,126
124.17417417417417,0.033300792595684116,126
124.29429429429429,0.031278532176211245,126
124.41441441441441,0.029332121686874022,126
124.53453453453453,0.027460282283706675,126
124.65465465465465,0.025661750265007624,126
124.77477477477477,0.02393527695832506,126
124.89489489489489,0.022279628607210906,126
125.01501501501501,0.020693586257773684,126
125.13513513513513,0.01917594564505935,126
125.25525525525525,0.01772551707927695,126
125.37537537537537,0.01634112533191208,126
125.49549549549549,0.015021609521734544,126
125.61561561561561,0.013765823000738506,126
125.73573573573573,0.012572633240028783,126
125.85585585585585,0.011440921715690429,126
125.97597597597597,0.010369583794647804,126
126.09609609609609,0.009357528620549078,126
126.21621621621621,0.008403678999690786,126
126.33633633633633,0.0075069712870065195,126
126.45645645645644,0.006666355272140901,126
126.57657657657656,0.005880794065625357,126
126.69669669669668,0.005149263985181323,126
126.8168168168168,0.004470754442166414,126
126.93693693693692,0.003844267828181215,126
127.05705705705707,0.003268819401859773,126
127.17717717717719,0.0027434371758583817,126
127.2972972972973,0.002267161804057663,126
127.41741741741743,0.0018390464690015856,126
127.53753753753755,0.0014581567695837023,126
127.65765765765767,0.001123570609000658,126
127.77777777777779,0.000834378082985592,126
127.8978978978979,0.000589681368338908,126
128.018018018018,0.0003885946117700152,126
128.13813813813812,0.00023024381906514797,126
128.25825825825825,0.00011376674459408918,126
128.3783783783784,3.83127811706633e-05,126
128.4984984984985,3.042850279132378e-06,126
128.6186186186186,7.129292679825869e-06,126
128.73873873873873,4.9755759406259976e-05,126
128.85885885885887,0.00013011710316561872,126
128.97897897897897,0.00024741927015446745,126
129.09909909909908,0.00040087919230063286,126
129.2192192192192,0.000589724679943009,126
129.33933933933935,0.0008131943149581735,126
129.45945945945945,0.0010705373443463426,126
129.57957957957956,0.0013610135742846787,126
129.6996996996997,0.0016838932646589266,126
129.81981981981983,0.00203845702408031,126
129.93993993993993,0.00242399570539965,126
130.06006006006004,0.0028398103017263526,126
130.18018018018017,0.003285211842958837,126
130.3003003003003,0.0037595212928351546,126
130.4204204204204,0.004262069446514466,126
130.54054054054052,0.00479219682869233,126
130.66066066066065,0.005349253592258661,126
130.7807807807808,0.005932599417508196,126
130.9009009009009,0.006541603411903373,126
131.021021021021,0.007175644010404164,126
131.14114114114113,0.007834108876363073,126
131.26126126126127,0.00851639480299671,126
131.38138138138137,0.009221907615437083,126
131.50150150150148,0.009950062073367608,126
131.6216216216216,0.010700281774250694,126
131.74174174174175,0.011471999057148703,126
131.86186186186185,0.012264654907146056,126
131.98198198198196,0.013077698860376128,126
132.1021021021021,0.013910588909653451,126
132.22222222222223,0.014762791410720557,126
132.34234234234233,0.015633780989112094,126
132.46246246246244,0.016523040447630272,126
132.58258258258257,0.0174300606744553,126
132.7027027027027,0.018354340551868253,126
132.82282282282284,0.019295386865612947,126
132.94294294294295,0.02025271421488058,126
133.06306306306305,0.021225844922934573,126
133.1831831831832,0.022214308948366908,126
133.30330330330332,0.02321764379699305,126
133.42342342342343,0.024235394434386045,126
133.54354354354354,0.025267113199057733,126
133.66366366366367,0.026312359716272923,126
133.7837837837838,0.027370700812516947,126
133.9039039039039,0.028441710430604006,126
134.02402402402402,0.029524969545435428,126
134.14414414414418,0.030620066080403303,126
134.26426426426428,0.03172659482444292,126
134.3843843843844,0.032844157349735115,126
134.5045045045045,0.033972361930058474,126
134.62462462462463,0.035110823459791635,126
134.74474474474476,0.036259163373563115,126
134.86486486486487,0.037417009566554416,126
134.98498498498498,0.038583996315453326,126
135.1051051051051,0.039759764200055225,126
135.22522522522524,0.04094396002551249,126
135.34534534534535,0.04213623674524026,126
135.46546546546546,0.04333625338446234,126
135.5855855855856,0.044543674964410564,126
135.70570570570572,0.045758172427168654,126
135.82582582582583,0.04697942256116386,126
135.94594594594594,0.04820710792730138,126
136.06606606606607,0.04944091678575047,126
136.18618618618623,0.05068054302335895,126
136.3063063063063,0.051925686081726236,126
136.42642642642642,0.0531760508859041,126
136.54654654654655,0.05443134777374264,126
136.66666666666669,0.05569129242586897,126
136.7867867867868,0.056955605796304584,126
136.90690690690693,0.05822401404371864,126
137.02702702702703,0.05949624846330355,126
137.14714714714717,0.060772045419292334,126
137.26726726726727,0.062051146278094195,126
137.38738738738738,0.06333329734206192,126
137.5075075075075,0.06461824978388131,126
137.62762762762765,0.06590575958157693,126
137.74774774774775,0.06719558745414723,126
137.86786786786786,0.0684874987978071,126
137.987987987988,0.06978126362284685,126
138.10810810810813,0.07107665649110725,126
138.22822822822823,0.07237345645405541,126
138.34834834834834,0.07367144699147951,126
138.46846846846847,0.07497041595077097,126
138.5885885885886,0.0762701554868261,126
138.7087087087087,0.07757046200252735,126
138.82882882882882,0.07887113608983745,126
138.94894894894898,0.0801719824714716,126
139.0690690690691,0.08147280994316848,126
139.1891891891892,0.0827734313165479,126
139.3093093093093,0.08407366336254077,126
139.42942942942943,0.08537332675541849,126
139.54954954954957,0.0866722460173791,126
139.66966966966967,0.08797024946372563,126
139.78978978978978,0.08926716914860269,126
139.9099099099099,0.09056284081130903,126
140.03003003003005,0.09185710382316714,126
140.15015015015015,0.09314980113496313,126
140.27027027027026,0.09444077922493654,126
140.3903903903904,0.09572988804732945,126
140.51051051051053,0.0970169809814834,126
140.63063063063063,0.09830191478148828,126
140.75075075075074,0.09958454952636994,126
140.87087087087087,0.10086474857082564,126
140.990990990991,0.10214237849648947,126
141.11111111111111,0.1034173090637365,126
141.23123123123122,0.1046894131640154,126
141.35135135135135,0.1059585667727096,126
141.4714714714715,0.10722464890251812,126
141.5915915915916,0.10848754155735828,126
141.71171171171173,0.10974712968678667,126
141.83183183183183,0.11100330114092685,126
141.95195195195197,0.11225594662591065,126
142.07207207207207,0.11350495965982127,126
142.19219219219218,0.11475023652914196,126
142.31231231231232,0.11599167624569545,126
142.43243243243245,0.11722918050408794,126
142.55255255255256,0.11846265363962864,126
142.67267267267266,0.11969200258675183,126
142.7927927927928,0.120917136837915,126
142.91291291291293,0.12213796840296756,126
143.03303303303304,0.12335441176901259,126
143.15315315315314,0.1245663838607262,126
143.27327327327328,0.1257738040011525,126
143.3933933933934,0.12697659387295773,126
143.51351351351352,0.12817467748015046,126
143.63363363363362,0.12936798111025502,126
143.75375375375378,0.1305564332969379,126
143.8738738738739,0.1317399647830871,126
143.993993993994,0.13291850848433268,126
144.1141141141141,0.13409199945301545,126
144.23423423423424,0.1352603748425855,126
144.35435435435437,0.13642357387244342,126
144.47447447447448,0.13758153779320506,126
144.59459459459458,0.13873420985240517,126
144.71471471471472,0.1398815352606083,126
144.83483483483485,0.14102346115795072,126
144.95495495495496,0.1421599365810994,126
145.07507507507506,0.1432909124306132,126
145.1951951951952,0.1444163414387264,126
145.31531531531533,0.14553617813752434,126
145.43543543543544,0.14665037882752704,126
145.55555555555554,0.14775890154667543,126
145.67567567567568,0.1488617060396988,126
145.7957957957958,0.1499587537278842,126
145.91591591591592,0.15105000767922996,126
146.03603603603602,0.152135432578976,126
146.15615615615616,0.1532149947005264,126
146.2762762762763,0.15428866187673237,126
146.3963963963964,0.15535640347156474,126
146.51651651651653,0.15641819035214016,126
146.63663663663664,0.15747399486112434,126
146.75675675675677,0.15852379078948903,126
146.87687687687688,0.1595675533496327,126
146.99699699699698,0.16060525914885487,126
147.11711711711712,0.16163688616317792,126
147.23723723723725,0.16266241371152623,126
147.35735735735736,0.1636818224302374,126
147.47747747747746,0.1646950942479278,126
147.5975975975976,0.16570221236068336,126
147.71771771771773,0.166703161207593,126
147.83783783783784,0.1676979264466113,126
147.95795795795794,0.16868649493074536,126
148.07807807807808,0.1696688546845721,126
148.1981981981982,0.17064499488106866,126
148.31831831831832,0.17161490581876554,126
148.43843843843842,0.17257857889921485,126
148.55855855855856,0.1735360066047649,126
148.6786786786787,0.17448718247664613,126
148.7987987987988,0.175432101093359,126
148.9189189189189,0.17637075804936792,126
149.03903903903904,0.1773031499340861,126
149.15915915915917,0.17822927431116026,126
149.27927927927928,0.17914912969804642,126
149.39939939939939,0.18006271554587358,126
149.51951951951952,0.1809700322195917,126
149.63963963963965,0.18187108097840265,126
149.75975975975976,0.18276586395647237,126
149.87987987987987,0.1836543841439182,126
150.0,0.18453664536806638,126
29.999999999999996,5471.000565980898,183
30.120120120120124,5242.664490401992,183
30.240240240240244,5022.941189449929,183
30.360360360360364,4811.526610758617,183
30.48048048048048,4608.127221797608,183
30.6006006006006,4412.459636957557,183
30.72072072072072,4224.250258642128,183
30.84084084084084,4043.234931799353,183
30.96096096096096,3869.158611350256,183
31.08108108108108,3701.7750419960926,183
31.201201201201197,3540.846449908323,183
31.321321321321324,3386.143245826537,183
31.441441441441444,3237.443739110607,183
31.561561561561565,3094.5338623121843,183
31.68168168168168,2957.2069058498955,183
31.8018018018018,2825.263262390091,183
31.92192192192192,2698.5101805517893,183
32.04204204204204,2576.761527570965,183
32.16216216216216,2459.8375605745496,183
32.28228228228228,2347.564706129205,183
32.4024024024024,2239.7753477442698,183
32.52252252252253,2136.307621021263,183
32.64264264264264,2037.0052161555718,183
32.76276276276276,1941.7171875079118,183
32.88288288288288,1850.2977699750031,183
33.003003003003,1762.6062018999712,183
33.12312312312312,1678.5065542737202,183
33.24324324324324,1597.8675659887206,183
33.36336336336336,1520.5624849163703,183
33.48348348348348,1446.468914588467,183
33.6036036036036,1375.4686662721847,183
33.72372372372373,1307.4476162365208,183
33.84384384384384,1242.2955680163145,183
33.96396396396396,1179.9061194877024,183
34.08408408408408,1120.1765345763747,183
34.2042042042042,1063.0076194271876,183
34.32432432432432,1008.3036028703685,183
34.44444444444444,955.9720210262332,183
34.56456456456456,905.9236058965154,183
34.68468468468468,858.0721777964791,183
34.8048048048048,812.3345414875656,183
34.92492492492493,768.6303858760417,183
35.04504504504504,726.8821871481808,183
35.16516516516516,687.0151152176638,183
35.28528528528528,648.9569433656869,183
35.4054054054054,612.6379609588812,183
35.525525525525524,577.9908891346203,183
35.645645645645644,544.9507993474602,183
35.765765765765764,513.4550346746641,183
35.885885885885884,483.44313378253963,183
36.006006006006004,454.85675745915296,183
36.126126126126124,427.6396176225152,183
36.246246246246244,401.7374087168488,183
36.366366366366364,377.097741412776,183
36.486486486486484,353.6700785304899,183
36.606606606606604,331.4056731079942,183
36.726726726726724,310.2575085394361,183
36.846846846846844,290.1802407113141,183
36.966966966966964,271.130142067079,183
37.087087087087085,253.06504753322417,183
37.207207207207205,235.94430224237564,183
37.327327327327325,219.72871099139726,183
37.447447447447445,204.38048937466107,183
37.567567567567565,189.8632165349678,183
37.687687687687685,176.14178947659477,183
37.807807807807805,163.18237888707569,183
37.927927927927925,150.95238641617286,183
38.048048048048045,139.42040336244563,183
38.168168168168165,128.5561707195593,183
38.288288288288285,118.33054053625428,183
38.408408408408405,108.71543854551231,183
38.528528528528525,99.68382802008362,183
38.648648648648646,91.20967481306607,183
38.768768768768766,83.26791354369168,183
38.888888888888886,75.83441488990385,183
39.009009009009006,68.88595395067905,183
39.129129129129126,62.40017964235037,183
39.249249249249246,56.355585094454675,183
39.369369369369366,50.7314790118439,183
39.489489489489486,45.507957970967546,183
39.609609609609606,40.66587961936194,183
39.729729729729726,36.186836748457324,183
39.849849849849846,32.053132210866465,183
39.969969969969966,28.247754654314562,183
40.09009009009009,24.754355045335423,183
40.21021021021021,21.55722395679615,183
40.33033033033033,18.641269594201997,183
40.45045045045045,15.991996536596275,183
40.57057057057057,13.595485168705146,183
40.69069069069069,11.438371781771023,183
40.81081081081081,9.50782932129433,183
40.93093093093093,7.791548760645971,183
41.05105105105105,6.2777210802227525,183
41.17117117117117,4.955019832516539,183
41.29129129129129,3.812584274123347,183
41.41141141141141,2.84000304636828,183
41.53153153153153,2.0272983868305166,183
41.65165165165165,1.3649108546563555,183
41.77177177177177,0.8436845531158494,183
41.89189189189189,0.4548528334158405,183
42.01201201201201,0.1900244643141862,183
42.13213213213213,0.041170252594649175,183
42.252252252252255,0.0006100999595341594,183
42.37237237237237,0.061000482374578245,183
42.49249249249249,0.21532233836338405,183
42.61261261261261,0.4568693531942112,183
42.73273273273273,0.7792366263317867,183
42.852852852852855,1.1763097099420254,183
42.972972972972975,1.6422540066377047,183
43.093093093093096,2.171504515040034,183
43.213213213213216,2.7587559121038807,183
43.33333333333334,3.39895296151437,183
43.453453453453456,4.0872812378108945,183
43.573573573573576,4.819158156229922,183
43.693693693693696,5.5902242985813455,183
43.813813813813816,6.3963350257881215,183
43.933933933933936,7.233552368019205,183
44.054054054054056,8.098137183638524,183
44.174174174174176,8.986541578476169,183
44.294294294294296,9.895401577197132,183
44.414414414414416,10.821530038810254,183
44.534534534534544,11.761909808611183,183
44.65465465465466,12.713687099100058,183
44.77477477477478,13.674165092653004,183
44.8948948948949,14.640797758953903,183
45.01501501501502,15.611183880417531,183
45.13513513513514,16.583061279046696,183
45.25525525525526,17.554301238376137,183
45.37537537537538,18.522903114353248,183
45.4954954954955,19.48698912920317,183
45.61561561561562,20.44479934250955,183
45.735735735735744,21.39468679392557,183
45.85585585585586,22.335112812105162,183
45.97597597597598,23.264642484612065,183
46.0960960960961,24.18194028373073,183
46.21621621621622,25.085765843258987,183
46.33633633633634,25.97496988151836,183
46.45645645645646,26.8484902659648,183
46.57657657657658,27.70534821492509,183
46.6966966966967,28.544644632127664,183
46.81681681681682,29.365556569824005,183
46.936936936936945,30.167333816435164,183
47.05705705705706,30.94929560477476,183
47.17717717717718,31.710827437031075,183
47.2972972972973,32.45137802280104,183
47.41741741741742,33.170456326588294,183
47.53753753753754,33.86762872128509,183
47.65765765765766,34.542516244266636,183
47.77777777777778,35.194791952829185,183
47.8978978978979,35.82417837580439,183
48.01801801801802,36.43044505827854,183
48.138138138138146,37.013406196440386,183
48.25825825825826,37.57291835967264,183
48.37837837837838,38.10887829708937,183
48.4984984984985,38.62122082580811,183
48.61861861861862,39.10991679832872,183
48.73873873873874,39.574971146469835,183
48.85885885885886,40.016420999392544,183
48.97897897897898,40.43433387331768,183
49.0990990990991,40.82880593061232,183
49.21921921921922,41.19996030599667,183
49.33933933933935,41.5479454976871,183
49.45945945945946,41.872933821360085,183
49.57957957957958,42.175119924885074,183
49.6996996996997,42.45471936183766,183
49.81981981981982,42.71196722186306,183
49.93993993993994,42.94711681602191,183
50.06006006006006,43.16043841530374,183
50.18018018018018,43.35221804055119,183
50.3003003003003,43.52275630209034,183
50.42042042042042,43.67236728741453,183
50.54054054054055,43.801377495319905,183
50.66066066066066,43.91012481493883,183
50.78078078078078,43.998957548165386,183
50.9009009009009,44.06823347401247,183
51.02102102102102,44.11831895348479,183
51.14114114114114,44.14958807359548,183
51.26126126126126,44.16242182919514,183
51.38138138138138,44.157207341323016,183
51.5015015015015,44.134337110830565,183
51.62162162162162,44.0942083060632,183
51.74174174174175,44.03722208342641,183
51.86186186186186,43.963782939695335,183
51.98198198198198,43.87429809496404,183
52.1021021021021,43.769176905162986,183
52.22222222222222,43.64883030310715,183
52.34234234234234,43.51367026706885,183
52.46246246246246,43.36410931589924,183
52.58258258258258,43.20056002975412,183
52.7027027027027,43.02343459550789,183
52.82282282282282,42.83314437596695,183
52.94294294294294,42.630099502023796,183
53.06306306306306,42.41470848691606,183
53.18318318318318,42.18737786178441,183
53.3033033033033,41.94851183174492,183
53.42342342342342,41.698511951718366,183
53.54354354354354,41.43777682128128,183
53.66366366366366,41.166701797826136,183
53.78378378378378,40.88567872734212,183
53.9039039039039,40.59509569214689,183
54.02402402402402,40.295336774923676,183
54.14414414414414,39.98678183843518,183
54.26426426426427,39.669806320309156,183
54.38438438438438,39.344781042305655,183
54.5045045045045,39.01207203349857,183
54.62462462462462,38.67204036681868,183
54.74474474474474,38.32504200842581,183
54.86486486486486,37.97142767939256,183
54.98498498498498,37.611542729199726,183
55.1051051051051,37.245727020559904,183
55.22522522522522,36.87431482509967,183
55.34534534534534,36.497634729448265,183
55.46546546546547,36.116009551293175,183
55.585585585585584,35.72975626497828,183
55.70570570570571,35.33918593623484,183
55.82582582582583,34.944603665647,183
55.94594594594595,34.54630854046833,183
56.06606606606607,34.14459359441827,183
56.18618618618619,33.739745775098314,183
56.30630630630631,33.33204591868215,183
56.42642642642643,32.92176873154218,183
56.54654654654656,32.509182778490356,183
56.66666666666667,32.09455047731759,183
56.78678678678679,31.67812809933047,183
56.90690690690691,31.26016577559151,183
57.02702702702703,30.840907508581395,183
57.14714714714715,30.42059118900919,183
57.26726726726727,29.99944861750765,183
57.38738738738739,29.577705530958855,183
57.50750750750751,29.1555816332046,183
57.62762762762763,28.73329062990502,183
57.74774774774775,28.31104026731566,183
57.86786786786787,27.889032374763776,183
57.987987987987985,27.467462910610386,183
58.108108108108105,27.046522011492694,183
58.228228228228225,26.62639404464975,183
58.34834834834836,26.20725766314068,183
58.46846846846848,25.789285863771905,183
58.5885885885886,25.37264604755568,183
58.70870870870872,24.957500082531116,183
58.82882882882884,24.544004368782467,183
58.94894894894896,24.13230990549744,183
59.06906906906907,23.72256235991394,183
59.18918918918919,23.314902138007923,183
59.30930930930931,22.909464456784114,183
59.42942942942943,22.506379418032243,183
59.54954954954955,22.10577208342068,183
59.66966966966967,21.707762550802425,183
59.78978978978979,21.312466031613493,183
59.90990990990991,20.9199929292492,183
60.030030030030034,20.530448918308323,183
60.150150150150154,20.143935024598925,183
60.270270270270274,19.760547705805116,183
60.39039039039039,19.38037893271722,183
60.51051051051051,19.00351627093301,183
60.63063063063063,18.630042962940447,183
60.75075075075076,18.260038010496956,183
60.87087087087088,17.893576257224346,183
60.990990990991,17.530728471341003,183
61.11111111111112,17.17156142845681,183
61.23123123123124,16.81613799436138,183
61.35135135135136,16.46451720773625,183
61.471471471471475,16.116754362727548,183
61.591591591591595,15.77290109131766,183
61.711711711711715,15.433005445437132,183
61.831831831831835,15.097111978761939,183
61.951951951951955,14.765261828142492,183
62.072072072072075,14.437492794615327,183
62.192192192192195,14.113839423948749,183
62.312312312312315,13.794333086678868,183
62.432432432432435,13.479002057592512,183
62.552552552552555,13.167871594616749,183
62.672672672672675,12.860964017078308,183
62.79279279279279,12.55829878329527,183
62.91291291291291,12.259892567469182,183
63.03303303303303,11.965759335845016,183
63.15315315315316,11.675910422109325,183
63.27327327327328,11.390354601999451,183
63.3933933933934,11.109098167097287,183
63.51351351351352,10.832144997783987,183
63.63363363363364,10.559496635332694,183
63.75375375375376,10.29115235311878,183
63.873873873873876,10.027109226928607,183
63.993993993993996,9.767362204348542,183
64.11411411411412,9.511904173218737,183
64.23423423423424,9.26072602913613,183
64.35435435435436,9.01381674199384,183
64.47447447447448,8.771163421544685,183
64.5945945945946,8.532751381977683,183
64.71471471471472,8.298564205498064,183
64.83483483483484,8.06858380490266,183
64.95495495495496,7.842790485142415,183
65.07507507507508,7.62116300386679,183
65.1951951951952,7.403678630943727,183
65.31531531531532,7.190313206952021,183
65.43543543543544,6.9810412006414895,183
65.55555555555557,6.775835765359699,183
65.67567567567568,6.574668794442978,183
65.7957957957958,6.377510975571038,183
65.91591591591592,6.184331844085699,183
66.03603603603604,5.995099835273934,183
66.15615615615616,5.809782335617437,183
66.27627627627628,5.6283457330104465,183
66.3963963963964,5.450755465948988,183
66.51651651651652,5.2769760716950564,183
66.63663663663664,5.106971233419908,183
66.75675675675676,4.9407038263310605,183
66.87687687687688,4.7781359627884985,183
66.996996996997,4.619229036415605,183
67.11711711711712,4.4639437652113285,183
67.23723723723724,4.312240233670167,183
67.35735735735736,4.164077933917296,183
67.47747747747748,4.019415805866366,183
67.5975975975976,3.8782122764079716,183
67.71771771771772,3.7404252976371404,183
67.83783783783784,3.606012384128797,183
67.95795795795797,3.474930649269677,183
68.07807807807808,3.347136840657091,183
68.1981981981982,3.2225873745728237,183
68.31831831831832,3.1012383695433288,183
68.43843843843844,2.983045678995766,183
68.55855855855856,2.8679649230203936,183
68.67867867867868,2.755951519249982,183
68.7987987987988,2.6469607128671524,183
68.91891891891892,2.540947605750511,183
69.03903903903904,2.437867184771009,183
69.15915915915916,2.3376743492495216,183
69.27927927927928,2.240323937587566,183
69.3993993993994,2.1457707530824353,183
69.51951951951952,2.053969588938611,183
69.63963963963964,1.9648752524873525,183
69.75975975975976,1.8784425886262874,183
69.87987987987988,1.7946265024910624,183
70.0,1.7133819813710525,183
70.12012012012012,1.6346641158814954,183
70.24024024024024,1.5584281204038137,183
70.36036036036036,1.4846293528067331,183
70.48048048048048,1.4132233334602102,183
70.6006006006006,1.3441657635544986,183
70.72072072072072,1.2774125427365237,183
70.84084084084084,1.2129197860759564,183
70.96096096096096,1.1506438403731851,183
71.08108108108108,1.090541299821268,183
71.2012012012012,1.0325690210343494,183
71.32132132132132,0.9766841374544675,183
71.44144144144144,0.9228440731490232,183
71.56156156156156,0.8710065560108966,183
71.68168168168168,0.8211296303734059,183
71.8018018018018,0.7731716690519305,183
71.92192192192192,0.7270913848241419,183
72.04204204204204,0.682847841360796,183
72.16216216216216,0.6404004636187642,183
72.28228228228228,0.5997090477079374,183
72.4024024024024,0.5607337702438437,183
72.52252252252252,0.5234351971972118,183
72.64264264264264,0.4877742922521138,183
72.76276276276276,0.4537124246839824,183
72.8828828828829,0.4212113767686347,183
73.003003003003,0.39023335073359455,183
73.12312312312312,0.36074097526259324,183
73.24324324324324,0.3326973115642549,183
73.36336336336336,0.3060658590157169,183
73.48348348348348,0.2808105603919186,183
73.6036036036036,0.25689580669104783,183
73.72372372372372,0.2342864415667001,183
73.84384384384384,0.21294776537697407,183
73.96396396396396,0.19284553886078357,183
74.08408408408408,0.17394598645138926,183
74.2042042042042,0.15621579923715412,183
74.32432432432432,0.1396221375793167,183
74.44444444444444,0.12413263339644784,183
74.56456456456456,0.10971539212517752,183
74.68468468468468,0.09633899436658674,183
74.8048048048048,0.0839724972275653,183
74.92492492492492,0.07258543536624729,183
75.04504504504504,0.06214782175060555,183
75.16516516516516,0.05263014813900232,183
75.2852852852853,0.044003385291484155,183
75.4054054054054,0.0362389829204116,183
75.52552552552552,0.029308869388863318,183
75.64564564564564,0.023185451165170148,183
75.76576576576576,0.017841612041735008,183
75.88588588588588,0.013250712126198773,183
76.006006006006,0.009386586612858872,183
76.12612612612612,0.006223544342097,183
76.24624624624624,0.0037363661554555864,183
76.36636636636636,0.0019003030538572647,183
76.48648648648648,0.0006910741663052538,183
76.6066066066066,8.486453629795278e-05,183
76.72672672672672,5.8322733027172905e-05,183
76.84684684684684,0.0005885582943057839,183
76.96696696696696,0.0016531390080325398,183
77.08708708708708,0.0032300880388659086,183
77.2072072072072,0.005297880906644977,183
77.32732732732732,0.007835442322962346,183
77.44744744744744,0.010822142892163556,183
77.56756756756756,0.014237795682907374,183
77.6876876876877,0.01806265267630584,183
77.8078078078078,0.022277401096514382,183
77.92792792792793,0.02686315962953216,183
78.04804804804805,0.031801474535831646,183
78.16816816816817,0.03707431566231214,183
78.28828828828829,0.04266407235895859,183
78.4084084084084,0.04855354930544556,183
78.52852852852853,0.05472596225280851,183
78.64864864864865,0.06116493368519988,183
78.76876876876877,0.06785448840659301,183
78.88888888888889,0.07477904905721584,183
79.009009009009,0.08192343156434857,183
79.12912912912913,0.0892728405320158,183
79.24924924924925,0.09681286457399586,183
79.36936936936937,0.10452947159443747,183
79.48948948948949,0.11240900402027462,183
79.6096096096096,0.12043817398952657,183
79.72972972972973,0.1286040584994316,183
79.84984984984985,0.13689409451829873,183
79.96996996996997,0.14529607406480916,183
80.0900900900901,0.15379813925842875,183
80.2102102102102,0.16238877734446727,183
80.33033033033033,0.17105681569724648,183
80.45045045045045,0.17979141680469027,183
80.57057057057057,0.1885820732376013,183
80.69069069069069,0.19741860260676422,183
80.8108108108108,0.20629114251092695,183
80.93093093093093,0.2151901454786011,183
81.05105105105105,0.22410637390657515,183
81.17117117117117,0.23303089499787333,183
81.29129129129129,0.2419550757018643,183
81.41141141141142,0.2508705776591066,183
81.53153153153153,0.2597693521534394,183
81.65165165165166,0.268643635073729,183
81.77177177177177,0.27748594188760944,183
81.8918918918919,0.2862890626294892,183
82.01201201201201,0.29504605690495705,183
82.13213213213214,0.3037502489137351,183
82.25225225225225,0.3123952224931252,183
82.37237237237238,0.3209748161839765,183
82.49249249249249,0.3294831183209232,183
82.61261261261262,0.3379144621488264,183
82.73273273273273,0.3462634209669764,183
82.85285285285286,0.35452480330285413,183
82.97297297297297,0.3626936481169218,183
83.0930930930931,0.37076522004001516,183
83.21321321321321,0.3787350046447522,183
83.33333333333334,0.3865987037523502,183
83.45345345345345,0.3943522307761651,183
83.57357357357358,0.40199170610320983,183
83.69369369369369,0.4095134525148286,183
83.81381381381382,0.4169139906476992,183
83.93393393393393,0.4241900344961931,183
84.05405405405406,0.43133848695714455,183
84.17417417417417,0.4383564354179738,183
84.2942942942943,0.4452411473891082,183
84.41441441441441,0.4519900661814943,183
84.53453453453454,0.45860080663007996,183
84.65465465465465,0.465071150863967,183
84.7747747747748,0.4713990441239796,183
84.89489489489489,0.47758259062825364,183
85.01501501501502,0.4836200494865477,183
85.13513513513513,0.4895098306637327,183
85.25525525525526,0.49525049099307833,183
85.37537537537537,0.5008407302397555,183
85.4954954954955,0.5062793872150224,183
85.61561561561561,0.5115654359414747,183
85.73573573573574,0.5166979818697363,183
85.85585585585585,0.521676258146879,183
85.97597597597598,0.5264996219368896,183
86.09609609609609,0.5311675507933992,183
86.21621621621622,0.5356796390849051,183
86.33633633633633,0.5400355944726432,183
86.45645645645646,0.5442352344412767,183
86.57657657657657,0.548278482882479,183
86.6966966966967,0.5521653667315338,183
86.81681681681681,0.5558960126569503,183
86.93693693693695,0.5594706438031634,183
87.05705705705705,0.5628895765862661,183
87.1771771771772,0.5661532175427798,183
87.29729729729729,0.5692620602313619,183
87.41741741741743,0.5722166821873922,183
87.53753753753753,0.575017741930304,183
87.65765765765767,0.5776659760235484,183
87.77777777777777,0.5801621961870027,183
87.8978978978979,0.5825072864616667,183
88.01801801801801,0.5847022004264303,183
88.13813813813815,0.5867479584666939,183
88.25825825825825,0.5886456450946008,183
88.37837837837839,0.5903964063206143,183
88.49849849849849,0.5920014470761635,183
88.61861861861863,0.5934620286870599,183
88.73873873873873,0.5947794663973708,183
88.85885885885887,0.5959551269434188,183
88.97897897897897,0.5969904261775579,183
89.0990990990991,0.5978868267413778,183
89.21921921921921,0.5986458357879456,183
89.33933933933935,0.5992690027527157,183
89.45945945945945,0.5997579171726886,183
89.5795795795796,0.6001142065534268,183
89.69969969969969,0.6003395342834857,183
89.81981981981983,0.6004355975958368,183
89.93993993993993,0.6004041255758338,183
90.06006006006007,0.6002468772152673,183
90.18018018018017,0.5999656395120492,183
90.30030030030031,0.5995622256150427,183
90.42042042042041,0.5990384730135746,183
90.54054054054055,0.5983962417711226,183
90.66066066066065,0.5976374128027037,183
90.78078078078079,0.5967638861954406,183
90.9009009009009,0.5957775795718161,183
91.02102102102103,0.5946804264950892,183
91.14114114114113,0.5934743749163648,183
91.26126126126127,0.5921613856627834,183
91.38138138138137,0.5907434309663151,183
91.50150150150151,0.5892224930326084,183
91.62162162162161,0.5876005626493828,183
91.74174174174175,0.585879637833799,183
91.86186186186185,0.5840617225182979,183
91.981981981982,0.5821488252743262,183
92.1021021021021,0.5801429580734452,183
92.22222222222223,0.5780461350852344,183
92.34234234234235,0.5758603715114821,183
92.46246246246247,0.5735876824560712,183
92.58258258258257,0.5712300818300509,183
92.70270270270271,0.5687895812913119,183
92.82282282282281,0.5662681892183338,183
92.94294294294295,0.5636679097174403,183
93.06306306306305,0.5609907416630305,183
93.18318318318319,0.5582386777702097,183
93.3033033033033,0.555413703699306,183
93.42342342342343,0.5525177971916867,183
93.54354354354354,0.5495529272363714,183
93.66366366366367,0.5465210532668547,183
93.78378378378378,0.5434241243876349,183
93.90390390390391,0.5402640786298742,183
94.02402402402403,0.5370428422356963,183
94.14414414414415,0.5337623289705348,183
94.26426426426427,0.5304244394630322,183
94.3843843843844,0.5270310605719777,183
94.50450450450451,0.5235840647797002,183
94.62462462462463,0.5200853096114596,183
94.74474474474475,0.5165366370802589,183
94.86486486486487,0.5129398731566135,183
94.98498498498499,0.5092968272627298,183
95.10510510510511,0.5056092917905903,183
95.22522522522523,0.5018790416434562,183
95.34534534534535,0.49810783380028906,183
95.46546546546547,0.4942974069025575,183
95.58558558558559,0.4904494808629942,183
95.70570570570571,0.48656575649578165,183
95.82582582582583,0.48264791516767663,183
95.94594594594595,0.47869761846964043,183
96.06606606606607,0.47471650790844394,183
96.18618618618619,0.47070620461783036,183
96.30630630630631,0.46666830908874174,183
96.42642642642643,0.4626044009181731,183
96.54654654654655,0.4585160385761711,183
96.66666666666667,0.45440475919057605,183
96.7867867867868,0.45027207834901495,183
96.90690690690693,0.4461194899177502,183
97.02702702702703,0.4419484658769318,183
97.14714714714715,0.4377604561718116,183
97.26726726726727,0.43355688857955965,183
97.38738738738739,0.4293391685911754,183
97.50750750750751,0.42510867930818075,183
97.62762762762763,0.42086678135361155,183
97.74774774774775,0.4166148127969628,183
97.86786786786787,0.4123540890926656,183
97.98798798798799,0.40808590303171977,183
98.10810810810811,0.4038115247060994,183
98.22822822822823,0.39953220148555524,183
98.34834834834835,0.3952491580064371,183
98.46846846846847,0.390963596172188,183
98.58858858858859,0.38667669516512604,183
98.70870870870871,0.38238961146918954,183
98.82882882882883,0.37810347890327684,183
98.94894894894895,0.3738194086648392,183
99.06906906906907,0.3695384893834147,183
99.18918918918921,0.36526178718372376,183
99.30930930930933,0.36099034575807487,183
99.42942942942943,0.35672518644766854,183
99.54954954954955,0.3524673083325773,183
99.66966966966967,0.3482176883300216,183
99.7897897897898,0.3439772813006874,183
99.90990990990991,0.3397470201627573,183
100.03003003003003,0.3355278160133778,183
100.15015015015015,0.3313205582572756,183
100.27027027027027,0.3271261147422378,183
100.3903903903904,0.3229453319011845,183
100.51051051051051,0.31877903490055953,183
100.63063063063063,0.31462802779477617,183
100.75075075075075,0.3104930936864635,183
100.87087087087087,0.30637499489224496,183
100.990990990991,0.30227447311382627,183
101.11111111111111,0.29819224961410895,183
101.23123123123123,0.294129025398133,183
101.35135135135135,0.2900854813985866,183
101.47147147147147,0.2860622786656663,183
101.5915915915916,0.2820600585610606,183
101.71171171171173,0.27807944295583414,183
101.83183183183183,0.2741210344320129,183
101.95195195195195,0.270185416487639,183
102.07207207207207,0.266273153745115,183
102.1921921921922,0.2623847921626233,183
102.31231231231232,0.2585208592484225,183
102.43243243243244,0.2546818642778486,183
102.55255255255256,0.250868298512813,183
102.67267267267268,0.24708063542364167,183
102.7927927927928,0.24331933091305008,183
102.91291291291292,0.23958482354210517,183
103.03303303303304,0.23587753475800116,183
103.15315315315316,0.2321978691234734,183
103.27327327327328,0.22854621454770704,183
103.3933933933934,0.2249229425185782,183
103.51351351351352,0.22132840833608036,183
103.63363363363364,0.21776295134677517,183
103.75375375375376,0.21422689517915622,183
103.87387387387388,0.21072054797974937,183
103.993993993994,0.20724420264984078,183
104.11411411411413,0.2037981370826947,183
104.23423423423424,0.2003826144011284,183
104.35435435435436,0.19699788319533465,183
104.47447447447448,0.19364417776080853,183
104.5945945945946,0.19032171833629136,183
104.71471471471472,0.18703071134159668,183
104.83483483483484,0.18377134961521935,183
104.95495495495496,0.18054381265162184,183
105.07507507507508,0.17734826683809046,183
105.1951951951952,0.17418486569107233,183
105.31531531531532,0.17105375009188642,183
105.43543543543544,0.1679550485217227,183
105.55555555555556,0.1648888772958441,183
105.67567567567568,0.16185534079689393,183
105.7957957957958,0.15885453170723607,183
105.91591591591592,0.15588653124024374,183
106.03603603603604,0.1529514093704628,183
106.15615615615616,0.15004922506256757,183
106.27627627627628,0.14718002649905093,183
106.3963963963964,0.1443438513065691,183
106.51651651651653,0.14154072678087748,183
106.63663663663665,0.13877067011030106,183
106.75675675675676,0.1360336885976718,183
106.87687687687688,0.1333297798806749,183
106.996996996997,0.1306589321505595,183
107.11711711711712,0.1280211243691398,183
107.23723723723724,0.12541632648406634,183
107.35735735735736,0.12284449964228343,183
107.47747747747748,0.12030559640166043,183
107.5975975975976,0.11779956094073056,183
107.71771771771772,0.11532632926650692,183
107.83783783783784,0.11288582942033354,183
107.95795795795796,0.11047798168173084,183
108.07807807807808,0.10810269877021225,183
108.1981981981982,0.10575988604502076,183
108.31831831831832,0.10344944170277201,183
108.43843843843844,0.10117125697296318,183
108.55855855855856,0.09892521631133075,183
108.67867867867868,0.09671119759101386,183
108.7987987987988,0.09452907229152607,183
108.91891891891893,0.09237870568548963,183
109.03903903903905,0.09025995702312162,183
109.15915915915916,0.08817267971445882,183
109.27927927927928,0.08611672150929806,183
109.3993993993994,0.08409192467482798,183
109.51951951951952,0.08209812617096669,183
109.63963963963964,0.08013515782335641,183
109.75975975975976,0.07820284649403264,183
109.87987987987988,0.07630101424974593,183
110.0,0.07442947852792971,183
110.12012012012012,0.07258805230030793,183
110.24024024024024,0.07077654423413887,183
110.36036036036036,0.06899475885108737,183
110.48048048048048,0.06724249668372574,183
110.6006006006006,0.06551955442966159,183
110.72072072072072,0.06382572510328507,183
110.84084084084084,0.06216079818514904,183
110.96096096096096,0.060524559768970365,183
111.08108108108108,0.058916792706264286,183
111.2012012012012,0.05733727674860771,183
111.32132132132134,0.05578578868754546,183
111.44144144144146,0.054262102492134846,183
111.56156156156156,0.05276598944414151,183
111.68168168168168,0.05129721827089269,183
111.8018018018018,0.04985555527579396,183
111.92192192192192,0.04844076446652187,183
112.04204204204204,0.04705260768089571,183
112.16216216216216,0.04569084471044754,183
112.28228228228228,0.04435523342169743,183
112.4024024024024,0.04304552987514188,183
112.52252252252252,0.04176148844197526,183
112.64264264264264,0.04050286191855321,183
112.76276276276276,0.039269401638613546,183
112.88288288288288,0.03806085758326702,183
113.003003003003,0.036876978488774706,183
113.12312312312312,0.03571751195212945,183
113.24324324324324,0.03458220453445258,183
113.36336336336336,0.03347080186222533,183
113.48348348348348,0.032383048726374986,183
113.6036036036036,0.031318689179227,183
113.72372372372374,0.030277466629345086,183
113.84384384384386,0.029259123934279426,183
113.96396396396396,0.02826340349123445,183
114.08408408408408,0.027290047325685105,183
114.2042042042042,0.0263387971779526,183
114.32432432432432,0.02540939458776483,183
114.44444444444444,0.02450158097681984,183
114.56456456456456,0.023615097729371027,183
114.68468468468468,0.02274968627085811,183
114.8048048048048,0.02190508814460233,183
114.92492492492492,0.0210810450865883,183
115.04504504504504,0.020277299098352627,183
115.16516516516516,0.019493592518003307,183
115.28528528528528,0.018729668089388845,183
115.4054054054054,0.017985269029439636,183
115.52552552552552,0.01726013909370811,183
115.64564564564564,0.016554022640121933,183
115.76576576576576,0.01586666469097925,183
115.88588588588588,0.015197810993206093,183
116.006006006006,0.014547208076899344,183
116.12612612612612,0.013914603312174641,183
116.24624624624624,0.013299744964349514,183
116.36636636636636,0.012702382247473507,183
116.48648648648648,0.01212226537624103,183
116.6066066066066,0.011559145616297645,183
116.72672672672671,0.011012775332971998,183
116.84684684684683,0.01048290803845138,183
116.96696696696695,0.009969298437424917,183
117.08708708708707,0.009471702471217876,183
117.20720720720719,0.008989877360441288,183
117.32732732732731,0.008523581646174816,183
117.44744744744746,0.008072575229713103,183
117.56756756756758,0.007636619410892044,183
117.6876876876877,0.007215476925021321,183
117.80780780780782,0.00680891197844437,183
117.92792792792794,0.006416690282749114,183
118.04804804804806,0.006038579087652246,183
118.16816816816818,0.005674347212578435,183
118.2882882882883,0.005323765076957361,183
118.40840840840842,0.0049866047292625474,183
118.52852852852854,0.0046626398748107435,183
118.64864864864866,0.004351645902346842,183
118.76876876876878,0.00405339990943513,183
118.88888888888889,0.003767680726678541,183
119.009009009009,0.003494268940788075,183
119.12912912912913,0.003232946916523669,183
119.24924924924925,0.0029834988175277636,183
119.36936936936937,0.0027457106260730182,183
119.48948948948949,0.002519370161745341,183
119.6096096096096,0.0023042670990828453,183
119.72972972972973,0.002100192984192313,183
119.84984984984985,0.0019069412503618694,183
119.96996996996997,0.00172430723269327,183
120.09009009009009,0.0015520881817708465,183
120.2102102102102,0.0013900832763897746,183
120.33033033033033,0.0012380936353619462,183
120.45045045045045,0.00109592232841995,183
120.57057057057057,0.0009633743862382757,183
120.69069069069069,0.0008402568095915257,183
120.8108108108108,0.0007263785776680616,183
120.93093093093093,0.0006215506555589046,183
121.05105105105105,0.0005255860009398748,183
121.17117117117117,0.00043829956996572307,183
121.29129129129129,0.00035950832239512224,183
121.41141141141141,0.0002890312259637411,183
121.53153153153153,0.00022668926002400992,183
121.65165165165163,0.0001723054184690126,183
121.77177177177175,0.0001257047119581337,183
121.89189189189187,8.671416946156628e-05,183
122.012012012012,5.516283914105815e-05,183
122.13213213213211,3.088178858341576e-05,183
122.25225225225226,1.3704104403774642e-05,183
122.37237237237238,3.4648912347815736e-06,183
122.4924924924925,1.270118084528031e-09,183
122.61261261261262,3.152376314122156e-06,183
122.73273273273274,1.2759356545920319e-05,183
122.85285285285286,2.8665365692580432e-05,183
122.97297297297298,5.07155629477121e-05,183
123.0930930930931,7.875710745808226e-05,183
123.21321321321322,0.00011263915345722633,183
123.33333333333334,0.00015221284490898236,183
123.45345345345346,0.00019733130967507413,183
123.57357357357358,0.0002478496532214599,183
123.69369369369369,0.00030362495187709923,183
123.81381381381381,0.00036451624565924507,183
123.93393393393393,0.0004303845306788234,183
124.05405405405405,0.0005010927511392212,183
124.17417417417417,0.0005765057909417095,183
124.29429429429429,0.0006564904649106765,183
124.41441441441441,0.0007409155096511964,183
124.53453453453453,0.0008296515740515443,183
124.65465465465465,0.000922571209443152,183
124.77477477477477,0.0010195488594299982,183
124.89489489489489,0.0011204608493994468,183
125.01501501501501,0.0012251853757262628,183
125.13513513513513,0.0013336024946809008,183
125.25525525525525,0.0014455941110547267,183
125.37537537537537,0.001561043966511046,183
125.49549549549549,0.0016798376276753494,183
125.61561561561561,0.0018018624739733625,183
125.73573573573573,0.0019270076852286884,183
125.85585585585585,0.002055164229030248,183
125.97597597597597,0.0021862248478787443,183
126.09609609609609,0.002320084046123144,183
126.21621621621621,0.002456638076696487,183
126.33633633633633,0.002595784927660101,183
126.45645645645644,0.002737424308566555,183
126.57657657657656,0.0028814576366493123,183
126.69669669669668,0.0030277880228495673,183
126.8168168168168,0.0031763202576871835,183
126.93693693693692,0.0033269607969861298,183
127.05705705705707,0.0034796177474616177,183
127.17717717717719,0.0036342008521777287,183
127.2972972972973,0.003790621475883535,183
127.41741741741743,0.003948792590235633,183
127.53753753753755,0.00410862875891442,183
127.65765765765767,0.004270046122642548,183
127.77777777777779,0.004432962384111418,183
127.8978978978979,0.004597296792825204,183
128.018018018018,0.004762970129866881,183
128.13813813813812,0.00492990469259514,183
128.25825825825825,0.00509802427927772,183
128.3783783783784,0.0052672541736685455,183
128.4984984984985,0.005437521129534442,183
128.6186186186186,0.0056087533551378,183
128.73873873873873,0.0057808804976820045,183
128.85885885885887,0.005953833627723771,183
128.97897897897897,0.006127545223560897,183
129.09909909909908,0.006301949155598177,183
129.2192192192192,0.006476980670699716,183
129.33933933933935,0.006652576376529927,183
129.45945945945945,0.0068286742258918676,183
129.57957957957956,0.007005213501065228,183
129.6996996996997,0.007182134798150414,183
129.81981981981983,0.007359380011422478,183
129.93993993993993,0.007536892317700832,183
130.06006006006004,0.007714616160738336,183
130.18018018018017,0.007892497235634439,183
130.3003003003003,0.00807048247327638,183
130.4204204204204,0.008248520024813046,183
130.54054054054052,0.008426559246166048,183
130.66066066066065,0.008604550682579629,183
130.7807807807808,0.008782446053216635,183
130.9009009009009,0.00896019823580046,183
131.021021021021,0.009137761251310552,183
131.14114114114113,0.009315090248730907,183
131.26126126126127,0.009492141489857747,183
131.38138138138137,0.009668872334168438,183
131.50150150150148,0.009845241223755376,183
131.6216216216216,0.010021207668326251,183
131.74174174174175,0.010196732230276716,183
131.86186186186185,0.01037177650983352,183
131.98198198198196,0.010546303130277344,183
132.1021021021021,0.010720275723240217,183
132.22222222222223,0.01089365891408714,183
132.34234234234233,0.011066418307379542,183
132.46246246246244,0.01123852047242498,183
132.58258258258257,0.011409932928915031,183
132.7027027027027,0.011580624132652933,183
132.82282282282284,0.011750563461374059,183
132.94294294294295,0.011919721200659768,183
133.06306306306305,0.012088068529948127,183
133.1831831831832,0.012255577508642163,183
133.30330330330332,0.012422221062316833,183
133.42342342342343,0.012587972969029042,183
133.54354354354354,0.012752807845728626,183
133.66366366366367,0.012916701134774541,183
133.7837837837838,0.013079629090556264,183
133.9039039039039,0.013241568766222319,183
134.02402402402402,0.01340249800051751,183
134.14414414414418,0.013562395404728174,183
134.26426426426428,0.01372124034973966,183
134.3843843843844,0.01387901295320423,183
134.5045045045045,0.014035694066822101,183
134.62462462462463,0.014191265263735965,183
134.74474474474476,0.014345708826039307,183
134.86486486486487,0.01449900773240057,183
134.98498498498498,0.014651145645803436,183
135.1051051051051,0.014802106901402613,183
135.22522522522524,0.0149518764944978,183
135.34534534534535,0.015100440068625364,183
135.46546546546546,0.015247783903767988,183
135.5855855855856,0.015393894904683203,183
135.70570570570572,0.0155387605893513,183
135.82582582582583,0.015682369077542918,183
135.94594594594594,0.015824709079505832,183
136.06606606606607,0.015965769884772996,183
136.18618618618623,0.016105541351089808,183
136.3063063063063,0.016244013893462576,183
136.42642642642642,0.016381178473327908,183
136.54654654654655,0.01651702658784221,183
136.66666666666669,0.016651550259292266,183
136.7867867867868,0.01678474202462683,183
136.90690690690693,0.01691659492510905,183
137.02702702702703,0.017047102496089185,183
137.14714714714717,0.017176258756898457,183
137.26726726726727,0.01730405820086289,183
137.38738738738738,0.017430495785438167,183
137.5075075075075,0.01755556692246383,183
137.62762762762765,0.017679267468537707,183
137.74774774774775,0.017801593715509732,183
137.86786786786786,0.017922542381095703,183
137.987987987988,0.01804211059960868,183
138.10810810810813,0.018160295912810404,183
138.22822822822823,0.018277096260879463,183
138.34834834834834,0.01839250997349886,183
138.46846846846847,0.0185065357610593,183
138.5885885885886,0.018619172705980104,183
138.7087087087087,0.018730420254146445,183
138.82882882882882,0.018840278206462464,183
138.94894894894898,0.018948746710519635,183
139.0690690690691,0.01905582625237878,183
139.1891891891892,0.019161517648468455,183
139.3093093093093,0.01926582203759479,183
139.42942942942943,0.01936874087306527,183
139.54954954954957,0.0194702759149242,183
139.66966966966967,0.019570429222301188,183
139.78978978978978,0.019669203145867488,183
139.9099099099099,0.019766600320406124,183
140.03003003003005,0.019862623657489493,183
140.15015015015015,0.019957276338265797,183
140.27027027027026,0.020050561806354335,183
140.3903903903904,0.020142483760847287,183
140.51051051051053,0.020233046149418572,183
140.63063063063063,0.020322253161538056,183
140.75075075075074,0.02041010922179102,183
140.87087087087087,0.020496618983301483,183
140.990990990991,0.020581787321259093,183
141.11111111111111,0.020665619326548243,183
141.23123123123122,0.020748120299479134,183
141.35135135135135,0.020829295743619556,183
141.4714714714715,0.0209091513597265,183
141.5915915915916,0.020987693039776927,183
141.71171171171173,0.021064926861097233,183
141.83183183183183,0.021140859080589193,183
141.95195195195197,0.021215496129053064,183
142.07207207207207,0.02128884460560622,183
142.19219219219218,0.02136091127219619,183
142.31231231231232,0.02143170304820783,183
142.43243243243245,0.021501227005163142,183
142.55255255255256,0.02156949036151308,183
142.67267267267266,0.0216365004775208,183
142.7927927927928,0.021702264850234812,183
142.91291291291293,0.021766791108551085,183
143.03303303303304,0.021830087008364037,183
143.15315315315314,0.021892160427804883,183
143.27327327327328,0.02195301936256583,183
143.3933933933934,0.022012671921310754,183
143.51351351351352,0.022071126321169626,183
143.63363363363362,0.022128390883317462,183
143.75375375375378,0.022184474028635364,183
143.8738738738739,0.022239384273453656,183
143.993993993994,0.022293130225376826,183
144.1141141141141,0.02234572057918604,183
144.23423423423424,0.02239716411282383,183
144.35435435435437,0.022447469683454666,183
144.47447447447448,0.022496646223603523,183
144.59459459459458,0.02254470273737107,183
144.71471471471472,0.022591648296723547,183
144.83483483483485,0.022637492037857435,183
144.95495495495496,0.02268224315763775,183
145.07507507507506,0.022725910910108924,183
145.1951951951952,0.02276850460307736,183
145.31531531531533,0.022810033594764457,183
145.43543543543544,0.02285050729053034,183
145.55555555555554,0.022889935139665557,183
145.67567567567568,0.022928326632252086,183
145.7957957957958,0.022965691296090076,183
145.91591591591592,0.02300203869369235,183
146.03603603603602,0.023037378419343408,183
146.15615615615616,0.023071720096223273,183
146.2762762762763,0.023105073373594943,183
146.3963963963964,0.023137447924054803,183
146.51651651651653,0.023168853440844742,183
146.63663663663664,0.0231992996352253,183
146.75675675675677,0.02322879623390957,183
146.87687687687688,0.023257352976555446,183
146.99699699699698,0.02328497961331741,183
147.11711711711712,0.023311685902455376,183
147.23723723723725,0.023337481608000255,183
147.35735735735736,0.023362376497476283,183
147.47747747747746,0.02338638033967761,183
147.5975975975976,0.023409502902499487,183
147.71771771771773,0.023431753950823732,183
147.83783783783784,0.023453143244455646,183
147.95795795795794,0.023473680536113886,183
148.07807807807808,0.023493375569471363,183
148.1981981981982,0.023512238077245277,183
148.31831831831832,0.023530277779338762,183
148.43843843843842,0.023547504381029608,183
148.55855855855856,0.023563927571207937,183
148.6786786786787,0.02357955702066016,183
148.7987987987988,0.023594402380401138,183
148.9189189189189,0.023608473280050096,183
149.03903903903904,0.023621779326252947,183
149.15915915915917,0.023634330101148137,183
149.27927927927928,0.02364613516087667,183
149.39939939939939,0.02365720403413439,183
149.51951951951952,0.023667546220766444,183
149.63963963963965,0.023677171190403596,183
149.75975975975976,0.02368608838113859,183
149.87987987987987,0.023694307198243066,183
150.0,0.02370183701292347,183
